DATE,GDPC1,PCECC96,GDPDEF,DPIC96,OUTMS,GPDI,CP,CPALTT01USQ661S,A229RX0Q048SBEA,NETEXP,GNP,GDPC1_PCH,PCECC96_PCH,GDPDEF_PCH,DPIC96_PCH,OUTMS_PCH,GPDI_PCH,CP_PCH,CPALTT01USQ661S_PCH,A229RX0Q048SBEA_PCH,NETEXP_PCH,GNP_PCH
1947-01-01,1934.5,1199.4,12.566,1312.3,.,35.9,21.9,.,9167,10.9,244.1,,,,,,,,,,,
1947-01-04,1932.3,1219.3,12.745,1297.4,.,34.5,20.7,.,9022,11.3,247.4,-0.11372,1.65916,1.42448,-1.13541,.,-3.89972,-5.47945,.,-1.58176,3.66972,1.3519
1947-01-07,1930.3,1223.3,12.957,1330.7,.,34.9,20.5,.,9211,11.8,251.2,-0.1035,0.32806,1.6634,2.56667,.,1.15942,-0.96618,.,2.09488,4.42478,1.53597
1947-01-10,1960.7,1223.6,13.276,1311.5,.,43.2,22.3,.,9036,9.3,261.5,1.57488,0.02452,2.46199,-1.44285,.,23.78223,8.78049,.,-1.8999,-21.18644,4.10032
1948-01-01,1989.5,1229.8,13.379,1337.3,.,47.2,23.6,.,9175,7.3,267.6,1.46886,0.5067,0.77584,1.96721,.,9.25926,5.8296,.,1.53829,-21.50538,2.3327
1948-01-04,2021.9,1244.1,13.497,1379.1,.,50.3,24.8,.,9424,5.2,274.4,1.62855,1.16279,0.88198,3.1257,.,6.5678,5.08475,.,2.7139,-28.76712,2.54111
1948-01-07,2033.2,1245.9,13.747,1401.7,.,52.5,24.4,.,9537,4.9,281,0.55888,0.14468,1.85226,1.63875,.,4.37376,-1.6129,.,1.19907,-5.76923,2.40525
1948-01-10,2035.3,1255.8,13.789,1409.5,.,51.3,23.5,.,9546,4.5,282.1,0.10329,0.79461,0.30552,0.55647,.,-2.28571,-3.68852,.,0.09437,-8.16327,0.39146
1949-01-01,2007.5,1257.9,13.717,1381.8,.,43.1,21.5,.,9318,6.5,276.8,-1.36589,0.16722,-0.52216,-1.96524,.,-15.98441,-8.51064,.,-2.38843,44.44444,-1.87877
1949-01-04,2000.8,1277.1,13.579,1388.6,.,36.2,19,.,9326,6.3,273,-0.33375,1.52635,-1.00605,0.49211,.,-16.00928,-11.62791,.,0.08586,-3.07692,-1.37283
1949-01-07,2022.8,1280,13.509,1397.5,.,39.5,19.6,.,9346,5.2,274.5,1.09956,0.22708,-0.5155,0.64093,.,9.11602,3.15789,.,0.21445,-17.46032,0.54945
1949-01-10,2004.7,1298.8,13.518,1405.4,.,37.5,19.3,.,9356,3,272.1,-0.8948,1.46875,0.06662,0.5653,.,-5.06329,-1.53061,.,0.107,-42.30769,-0.87432
1950-01-01,2084.6,1320.4,13.49,1513.7,.,46.7,19.8,.,10035,2.2,282.4,3.98563,1.66307,-0.20713,7.70599,.,24.53333,2.59067,.,7.25737,-26.66667,3.78537
1950-01-04,2147.6,1342.1,13.538,1509.2,.,52.3,23.6,.,9969,1.6,292.1,3.02216,1.64344,0.35582,-0.29728,.,11.99143,19.19192,.,-0.6577,-27.27273,3.43484
1950-01-07,2230.4,1411,13.832,1528.1,.,58.6,28.6,.,10051,-0.7,310.1,3.85547,5.13375,2.17166,1.25232,.,12.04589,21.18644,.,0.82255,-143.75,6.16227
1950-01-10,2273.4,1368.4,14.09,1537.5,.,68.4,31.4,.,10067,-0.2,321.9,1.92791,-3.01914,1.86524,0.61514,.,16.72355,9.79021,.,0.15919,-71.42857,3.80522
1951-01-01,2304.5,1401.5,14.596,1539.3,.,64.6,26.1,.,10038,0.2,337.9,1.368,2.41888,3.5912,0.11707,.,-5.55556,-16.87898,.,-0.28807,-200,4.97049
1951-01-04,2344.5,1361.9,14.692,1573.5,.,67.4,22.3,.,10221,1.9,346.3,1.73573,-2.82554,0.65771,2.22179,.,4.33437,-14.55939,.,1.82307,850,2.48594
1951-01-07,2392.8,1377.7,14.701,1591.4,.,62,20.5,.,10290,3.7,353.8,2.06014,1.16014,0.06126,1.13759,.,-8.01187,-8.07175,.,0.67508,94.73684,2.16575
1951-01-10,2398.1,1385.8,14.869,1588.5,.,57.1,22.3,.,10223,4.2,358.7,0.2215,0.58794,1.14278,-0.18223,.,-7.90323,8.78049,.,-0.65112,13.51351,1.38496
1952-01-01,2423.5,1388.9,14.863,1587.7,.,58.1,21.8,.,10176,3.7,362.2,1.05917,0.2237,-0.04035,-0.05036,.,1.75131,-2.24215,.,-0.45975,-11.90476,0.97575
1952-01-04,2428.5,1416.1,14.882,1607.8,.,53,21,.,10264,2,363.4,0.20631,1.95838,0.12783,1.26598,.,-8.77797,-3.66972,.,0.86478,-45.94595,0.33131
1952-01-07,2446.1,1423,15.048,1640.2,.,57.2,21.3,.,10425,0,370.1,0.72473,0.48725,1.11544,2.01518,.,7.92453,1.42857,.,1.56859,-100,1.8437
1952-01-10,2526.4,1473.3,15.091,1675.4,.,60.7,23.4,.,10601,-1,383.2,3.28278,3.53479,0.28575,2.14608,.,6.11888,9.85915,.,1.68825,.,3.53958
1953-01-01,2573.4,1490.8,15.096,1695.8,.,61.7,24.3,.,10689,-0.7,390.4,1.86035,1.18781,0.03313,1.21762,.,1.64745,3.84615,.,0.83011,-30,1.87891
1953-01-04,2593.5,1499.8,15.125,1717.9,.,62.1,24.3,.,10788,-1.3,394.3,0.78107,0.6037,0.1921,1.30322,.,0.6483,0,.,0.92619,85.71429,0.99898
1953-01-07,2578.9,1496.3,15.188,1709.7,.,61.4,23.8,.,10688,-0.6,393.5,-0.56295,-0.23336,0.41653,-0.47733,.,-1.12721,-2.05761,.,-0.92696,-53.84615,-0.20289
1953-01-10,2539.8,1486.4,15.219,1704,.,56.4,19,.,10602,-0.3,388.3,-1.51615,-0.66163,0.20411,-0.33339,.,-8.14332,-20.16807,.,-0.80464,-50,-1.32147
1954-01-01,2528,1491.8,15.266,1712.7,.,55.7,21.6,.,10612,-0.4,387.9,-0.4646,0.36329,0.30882,0.51056,.,-1.24113,13.68421,.,0.09432,33.33333,-0.10301
1954-01-04,2530.7,1511.3,15.281,1714.3,.,55.4,22.2,.,10579,0.3,388.7,0.1068,1.30715,0.09826,0.09342,.,-0.5386,2.77778,.,-0.31097,-175,0.20624
1954-01-07,2559.4,1531.8,15.3,1732.5,.,59,23.6,.,10642,0.6,393.6,1.13407,1.35645,0.12434,1.06166,.,6.49819,6.30631,.,0.59552,100,1.26061
1954-01-10,2609.3,1564,15.343,1765.7,.,62.1,25.3,.,10794,1.1,402.7,1.94968,2.1021,0.28105,1.91631,.,5.25424,7.20339,.,1.4283,83.33333,2.31199
1955-01-01,2683.8,1599.1,15.417,1794.5,.,68.7,28.4,0.122873917,10924,1.1,416.2,2.85517,2.24425,0.4823,1.63108,.,10.62802,12.25296,.,1.20437,0,3.35237
1955-01-04,2727.5,1629.7,15.481,1834,.,72.7,28.8,0.122705764,11120,-0.2,424.6,1.62829,1.91358,0.41513,2.20117,.,5.82242,1.40845,-0.13685,1.79421,-118.18182,2.01826
1955-01-07,2764.1,1649.8,15.59,1867.7,.,74.7,29.6,0.122797484,11273,0.7,433.4,1.34189,1.23336,0.70409,1.83751,.,2.75103,2.77778,0.07475,1.3759,-450,2.07254
1955-01-10,2780.8,1670.5,15.743,1889.5,.,78.9,30.8,0.123164363,11350,0.2,440.3,0.60417,1.2547,0.9814,1.16721,.,5.62249,4.05405,0.29877,0.68305,-71.42857,1.59206
1956-01-01,2770,1673.2,15.902,1909,.,78.3,30.2,0.123179649,11418,0.4,443.3,-0.38838,0.16163,1.00997,1.03202,.,-0.76046,-1.94805,0.01241,0.59912,100,0.68135
1956-01-04,2792.9,1678.8,15.997,1927.1,.,77,31.1,0.123989841,11479,1.9,449.6,0.82671,0.33469,0.59741,0.94814,.,-1.66028,2.98013,0.65773,0.53424,375,1.42116
1956-01-07,2790.6,1682.6,16.197,1936.9,.,78.3,29.8,0.125273917,11484,2.6,454.9,-0.08235,0.22635,1.25023,0.50854,.,1.68831,-4.18006,1.03563,0.04356,36.84211,1.17883
1956-01-10,2836.2,1705.8,16.264,1966.3,.,77.1,31.4,0.126343981,11601,4.5,463.8,1.63406,1.37882,0.41366,1.51789,.,-1.53257,5.36913,0.85418,1.01881,73.07692,1.95647
1957-01-01,2854.5,1717.5,16.485,1972.1,.,77.7,31.7,0.127383472,11586,4.8,473.7,0.64523,0.6859,1.35883,0.29497,.,0.77821,0.95541,0.82275,-0.1293,6.66667,2.13454
1957-01-04,2848.2,1720.5,16.601,1986,.,77.9,30.4,0.128468823,11620,4.1,476.2,-0.2207,0.17467,0.70367,0.70483,.,0.2574,-4.10095,0.85203,0.29346,-14.58333,0.52776
1957-01-07,2875.9,1734.1,16.701,1996.8,.,79.3,29.7,0.12961532,11631,4,483.5,0.97254,0.79047,0.60237,0.54381,.,1.79718,-2.30263,0.89243,0.09466,-2.43902,1.53297
1957-01-10,2846.4,1734.9,16.711,1984.9,.,71,27.3,0.130242071,11509,3.4,478.2,-1.02577,0.04613,0.05988,-0.59595,.,-10.46658,-8.08081,0.48355,-1.04892,-15,-1.09617
1958-01-01,2772.7,1711.1,16.892,1969.8,.,66.7,23.6,0.131786021,11379,1.1,471,-2.58924,-1.37184,1.08312,-0.76074,.,-6.05634,-13.55311,1.18545,-1.12955,-67.64706,-1.50565
1958-01-04,2790.9,1725.1,16.94,1983,.,65.1,24,0.132672645,11411,0.5,475.5,0.6564,0.81819,0.28416,0.67012,.,-2.3988,1.69492,0.67278,0.28122,-54.54545,0.95541
1958-01-07,2855.5,1753.5,17.043,2022.9,.,72,26.6,0.132596212,11590,0.9,489.3,2.31467,1.64628,0.60803,2.0121,.,10.59908,10.83333,-0.05761,1.56866,80,2.90221
1958-01-10,2922.3,1777.1,17.123,2047.6,.,80,30,0.132733792,11678,-0.3,503,2.33935,1.34588,0.4694,1.22102,.,11.11111,12.78195,0.10376,0.75928,-133.33333,2.79992
1959-01-01,2976.6,1809.4,17.169,2065,.,83.2,32,0.132963091,11730,0.4,513.6,1.85813,1.81757,0.26864,0.84978,.,4,6.66667,0.17275,0.44528,-233.33333,2.10736
1959-01-04,3049,1837.3,17.194,2098,.,89.4,34.7,0.133192391,11871,0,526.8,2.43231,1.54195,0.14561,1.59806,.,7.45192,8.4375,0.17245,1.20205,-100,2.57009
1959-01-07,3043.1,1856.5,17.258,2095.1,.,83.6,31.4,0.133880289,11805,0.6,528,-0.19351,1.04501,0.37222,-0.13823,.,-6.4877,-9.51009,0.51647,-0.55598,.,0.22779
1959-01-10,3055.1,1858.6,17.326,2110.1,.,86.5,30.8,0.13469048,11837,0.6,532.4,0.39433,0.11312,0.39402,0.71596,.,3.4689,-1.91083,0.60516,0.27107,0,0.83333
1960-01-01,3123.2,1876.3,17.397,2135.2,.,96.5,33.7,0.134812773,11883,2.7,546.3,2.22906,0.95233,0.40979,1.18952,.,11.56069,9.41558,0.0908,0.38861,350,2.61082
1960-01-04,3111.3,1900.1,17.443,2148.6,.,87.1,31.4,0.135622964,11915,4.2,545.7,-0.38102,1.26845,0.26441,0.62758,.,-9.74093,-6.82493,0.60098,0.26929,55.55556,-0.10983
1960-01-07,3119.1,1892.5,17.506,2152.4,.,86.4,30.1,0.135699398,11885,4.2,549.2,0.2507,-0.39998,0.36118,0.17686,.,-0.80367,-4.14013,0.05636,-0.25178,0,0.64138
1960-01-10,3081.3,1894.9,17.56,2151.5,.,76,29.1,0.136570735,11827,5.8,544.4,-1.21189,0.12682,0.30847,-0.04181,.,-12.03704,-3.32226,0.64211,-0.48801,38.09524,-0.874
1961-01-01,3102.3,1894.4,17.598,2172.4,.,78.4,28.5,0.136845895,11895,5.8,549.5,0.68153,-0.02639,0.2164,0.97142,.,3.15789,-2.06186,0.20148,0.57496,0,0.93681
1961-01-04,3159.9,1922.6,17.641,2205.5,.,84.1,30,0.136800035,12030,5.5,560.8,1.85669,1.4886,0.24435,1.52366,.,7.27041,5.26316,-0.03351,1.13493,-5.17241,2.05641
1961-01-07,3212.6,1932,17.687,2234.8,.,90.9,31.6,0.137335067,12139,3.9,571.7,1.66777,0.48892,0.26076,1.3285,.,8.08561,5.33333,0.39111,0.90607,-29.09091,1.94365
1961-01-10,3277.7,1970.7,17.745,2277.9,.,92.9,33.9,0.137533793,12320,4.4,585.2,2.0264,2.00311,0.32792,1.92858,.,2.20022,7.27848,0.1447,1.49106,12.82051,2.36138
1962-01-01,3336.8,1991.7,17.837,2299.7,.,98.1,34.4,0.138068825,12394,4,598.8,1.80309,1.06561,0.51846,0.95702,.,5.59742,1.47493,0.38902,0.60065,-9.09091,2.32399
1962-01-04,3372.7,2016.1,17.866,2323.9,.,96.7,34.4,0.13858857,12480,5.8,606.6,1.07588,1.22508,0.16258,1.05231,.,-1.42712,0,0.37644,0.69388,45,1.30261
1962-01-07,3404.8,2032.5,17.903,2336,.,98.2,35.4,0.138986023,12497,3.8,613.6,0.95176,0.81345,0.2071,0.52068,.,1.55119,2.90698,0.28679,0.13622,-34.48276,1.15397
1962-01-10,3418,2061.3,17.938,2356.6,.,95,36.2,0.139322328,12556,2.8,617.9,0.38769,1.41697,0.1955,0.88185,.,-3.25866,2.25989,0.24197,0.47211,-26.31579,0.70078
1963-01-01,3456.1,2075.2,18.017,2376.8,.,99.7,35.9,0.139765641,12622,3.9,627.2,1.11469,0.67433,0.44041,0.85717,.,4.94737,-0.82873,0.31819,0.52565,39.28571,1.5051
1963-01-04,3501.1,2095.1,18.047,2398.9,.,101.6,37.8,0.140025513,12699,6.5,636.2,1.30205,0.95894,0.16651,0.92982,.,1.90572,5.29248,0.18593,0.61005,66.66667,1.43495
1963-01-07,3569.5,2123.7,18.069,2425.4,.,104.6,38.8,0.140881565,12790,3.9,649.4,1.95367,1.36509,0.1219,1.10467,.,2.95276,2.6455,0.61135,0.71659,-40,2.07482
1963-01-10,3595,2141.4,18.216,2465,.,107.2,39.7,0.14126373,12949,5.4,659.5,0.71439,0.83345,0.81355,1.63272,.,2.48566,2.31959,0.27127,1.24316,38.46154,1.55528
1964-01-01,3672.7,2183.6,18.274,2513.4,.,110.5,42.9,0.141844622,13162,7.3,676.2,2.16134,1.97067,0.3184,1.96349,.,3.07836,8.06045,0.41121,1.64491,35.18519,2.53222
1964-01-04,3716.4,2222,18.318,2580.9,.,110.5,42.8,0.142073922,13473,7.1,685.6,1.18986,1.75856,0.24078,2.68561,.,0,-0.2331,0.16166,2.36286,-2.73973,1.39012
1964-01-07,3766.9,2262.8,18.392,2614.2,.,112.6,43.9,0.142394941,13598,6.4,697.9,1.35884,1.83618,0.40397,1.29025,.,1.90045,2.57009,0.22595,0.92778,-9.85915,1.79405
1964-01-10,3780.2,2269.2,18.476,2643.9,.,115,43.5,0.143052266,13703,6.9,703.1,0.35308,0.28284,0.45672,1.1361,.,2.13144,-0.91116,0.46162,0.77217,7.8125,0.74509
1965-01-01,3873.5,2319.8,18.569,2675,.,126.5,49.5,0.143495578,13826,4.6,724.7,2.46812,2.22986,0.50336,1.17629,.,10,13.7931,0.3099,0.89761,-33.33333,3.07211
1965-01-04,3926.4,2345.5,18.652,2705.3,.,127,51.3,0.144412776,13945,7.5,738,1.36569,1.10785,0.44698,1.13271,.,0.39526,3.63636,0.63918,0.8607,63.04348,1.83524
1965-01-07,4006.2,2385.9,18.726,2779.5,.,131.2,52.2,0.144840801,14279,4.9,755.4,2.0324,1.72245,0.39674,2.74276,.,3.30709,1.75439,0.29639,2.39512,-34.66667,2.35772
1965-01-10,4100.6,2452.9,18.853,2835.4,.,133.8,55.2,0.145605133,14520,5.5,777.9,2.35635,2.80816,0.6782,2.01115,.,1.98171,5.74713,0.5277,1.68779,12.2449,2.97855
1966-01-01,4201.9,2489.1,18.975,2863.5,.,144.2,56.7,0.146965643,14628,4.4,802.3,2.47037,1.4758,0.64711,0.99104,.,7.7728,2.71739,0.93438,0.7438,-20,3.13665
1966-01-04,4219.1,2495.4,19.131,2870.9,.,143.5,57,0.148295579,14627,5.2,812.2,0.40934,0.2531,0.82213,0.25843,.,-0.48544,0.5291,0.90493,-0.00684,18.18182,1.23395
1966-01-07,4249.2,2523.8,19.317,2905.9,.,143.2,56.7,0.149579656,14760,2.2,825.8,0.71342,1.13809,0.97224,1.21913,.,-0.20906,-0.52632,0.86589,0.90928,-57.69231,1.67446
1966-01-10,4285.6,2534.2,19.481,2939.6,.,145.9,55.7,0.150802586,14885,3.6,840.1,0.85663,0.41208,0.84899,1.15971,.,1.88547,-1.76367,0.81758,0.84688,63.63636,1.73165
1967-01-01,4324.9,2548.9,19.562,2983.4,.,142.8,53.3,0.151184752,15070,4.6,851.3,0.91702,0.58006,0.41579,1.49,.,-2.12474,-4.3088,0.25342,1.24286,27.77778,1.33317
1967-01-04,4328.7,2583.7,19.661,3006.8,.,137.5,53.4,0.15210195,15151,4.5,856.1,0.08786,1.36529,0.50608,0.78434,.,-3.71148,0.18762,0.60667,0.53749,-2.17391,0.56384
1967-01-07,4366.1,2596.9,19.849,3035.1,.,142.8,54.7,0.153630612,15251,2.9,872.3,0.864,0.5109,0.95621,0.9412,.,3.85455,2.43446,1.00503,0.66002,-35.55556,1.8923
1967-01-10,4401.2,2612.7,20.067,3057.1,.,147.7,57.4,0.155312141,15318,2.2,888.8,0.80392,0.60842,1.09829,0.72485,.,3.43137,4.93601,1.09453,0.43932,-24.13793,1.89155
1968-01-01,4490.6,2674.8,20.29,3109.3,.,152.3,56.5,0.156840804,15547,1.1,917,2.03126,2.37685,1.11128,1.7075,.,3.11442,-1.56794,0.98425,1.49497,-50,3.17282
1968-01-04,4566.4,2715.6,20.504,3161.2,.,158.9,58.1,0.158369467,15770,1.9,942.3,1.68797,1.52535,1.05471,1.66919,.,4.33355,2.83186,0.97466,1.43436,72.72727,2.759
1968-01-07,4599.3,2766.6,20.706,3168.9,.,155.7,58.5,0.160509595,15766,1.3,958.6,0.72048,1.87804,0.98517,0.24358,.,-2.01385,0.68847,1.35135,-0.02536,-31.57895,1.72981
1968-01-10,4619.8,2779.1,20.999,3190.5,.,160.8,60,0.162496857,15831,1.1,976.4,0.44572,0.45182,1.41505,0.68162,.,3.27553,2.5641,1.2381,0.41228,-15.38462,1.85687
1969-01-01,4691.6,2810.2,21.217,3197,.,172.4,59.2,0.164484118,15830,0.2,1001.8,1.55418,1.11907,1.03814,0.20373,.,7.21393,-1.33333,1.22295,-0.00632,-81.81818,2.60139
1969-01-04,4706.7,2828.2,21.488,3232.2,.,172.7,57.4,0.167082845,15968,1.2,1017.5,0.32185,0.64052,1.27728,1.10103,.,0.17401,-3.04054,1.57993,0.87176,500,1.56718
1969-01-07,4736.1,2841.9,21.79,3300.6,.,177.6,55.6,0.169375839,16260,1,1038,0.62464,0.48441,1.40544,2.11621,.,2.83729,-3.13589,1.37237,1.82866,-16.66667,2.01474
1969-01-10,4715.5,2864.6,22.071,3326.5,.,171.6,54.5,0.171974566,16339,3.3,1046.8,-0.43496,0.79876,1.28958,0.78471,.,-3.37838,-1.97842,1.5343,0.48585,230,0.84778
1970-01-01,4707.1,2882.3,22.382,3359,.,168.1,51.9,0.174726159,16459,3.4,1059.8,-0.17814,0.61789,1.40909,0.977,.,-2.03963,-4.77064,1.6,0.73444,3.0303,1.24188
1970-01-04,4715.4,2895.6,22.694,3398.5,.,171.5,51.7,0.17717202,16601,5.4,1076.7,0.17633,0.46144,1.39398,1.17595,.,2.02261,-0.38536,1.39983,0.86275,58.82353,1.59464
1970-01-07,4757.2,2921.1,22.88,3451.7,.,173.9,52.6,0.179006415,16803,3.8,1095,0.88646,0.88065,0.8196,1.5654,.,1.39942,1.74081,1.03538,1.21679,-29.62963,1.69964
1970-01-10,4708.3,2913.1,23.182,3442.9,.,166.8,49.8,0.181605142,16703,3.2,1097.5,-1.02792,-0.27387,1.31993,-0.25495,.,-4.08281,-5.32319,1.45175,-0.59513,-15.78947,0.22831
1971-01-01,4834.3,2968.9,23.536,3512,.,189.5,56.7,0.183133805,16986,4.4,1145.2,2.67613,1.91549,1.52705,2.00703,.,13.60911,13.85542,0.84175,1.69431,37.5,4.34624
1971-01-04,4861.9,2996.1,23.846,3563.2,.,197.3,59.2,0.184815334,17184,-0.2,1167.3,0.57092,0.91616,1.31713,1.45786,.,4.11609,4.40917,0.9182,1.16567,-104.54545,1.92979
1971-01-07,4900,3020,24.088,3582.2,.,202.1,63.2,0.186649729,17222,-0.1,1187.6,0.78364,0.7977,1.01485,0.53323,.,2.43284,6.75676,0.99256,0.22114,-50,1.73906
1971-01-10,4914.3,3070.2,24.288,3624,.,198.4,65.4,0.188025526,17369,-1.7,1201.3,0.29184,1.66225,0.83029,1.16688,.,-1.83078,3.48101,0.7371,0.85356,1600,1.15359
1972-01-01,5002.4,3110.8,24.664,3640.6,.,213,69.6,0.189554188,17407,-3.5,1242,1.79273,1.32239,1.54809,0.45806,.,7.35887,6.42202,0.81301,0.21878,105.88235,3.388
1972-01-04,5118.3,3170.2,24.815,3677.8,.,226.8,70.6,0.190777119,17543,-4.3,1278.2,2.31689,1.90948,0.61223,1.02181,.,6.47887,1.43678,0.64516,0.78129,22.85714,2.91465
1972-01-07,5165.4,3219.1,25.048,3748.5,.,233.1,73.8,0.192305781,17835,-2.6,1302.8,0.92023,1.54249,0.93895,1.92234,.,2.77778,4.53258,0.80128,1.66448,-39.53488,1.92458
1972-01-10,5251.2,3294.6,25.366,3897.2,.,239.7,80.2,0.194293043,18493,-3.1,1341,1.66105,2.34538,1.26956,3.96692,.,2.8314,8.67209,1.03339,3.68937,19.23077,2.93215
1973-01-01,5380.5,3354.8,25.661,3924.9,.,254.3,91.8,0.197350369,18585,-1.4,1391.4,2.46229,1.82723,1.16297,0.71077,.,6.09095,14.46384,1.57356,0.49749,-54.83871,3.75839
1973-01-04,5441.5,3353.4,26.052,3956.2,.,268.2,94.9,0.201477758,18691,2.5,1429.2,1.13372,-0.04173,1.52371,0.79747,.,5.46599,3.37691,2.0914,0.57035,-278.57143,2.71669
1973-01-07,5411.9,3365.3,26.549,3973.4,.,264.3,96.6,0.205452282,18726,6.4,1450.7,-0.54397,0.35486,1.90772,0.43476,.,-1.45414,1.79136,1.97269,0.18726,156,1.50434
1973-01-10,5462.4,3355.5,27.077,4017.1,.,280.9,101.4,0.210649735,18885,9,1493.4,0.93313,-0.29121,1.98878,1.09981,.,6.28074,4.96894,2.52976,0.84909,40.625,2.94341
1974-01-01,5417,3326.2,27.592,3950.9,.,268.4,107.5,0.216917253,18536,6.4,1511.7,-0.83114,-0.87319,1.90198,-1.64795,.,-4.44998,6.01578,2.97533,-1.84803,-28.88889,1.22539
1974-01-04,5431.3,3337.9,28.248,3914,.,277.4,110.1,0.222726171,18324,-2.7,1550.6,0.26398,0.35175,2.3775,-0.93396,.,3.3532,2.4186,2.67794,-1.14372,-142.1875,2.57326
1974-01-07,5378.7,3351.6,29.067,3917.7,.,271,115.2,0.228993689,18295,-7,1578.7,-0.96846,0.41044,2.89932,0.09453,.,-2.30714,4.63215,2.814,-0.15826,159.25926,1.8122
1974-01-10,5357.2,3302.5,29.923,3912.9,.,281.3,102.2,0.236025538,18225,0,1616.3,-0.39972,-1.46497,2.94492,-0.12252,.,3.80074,-11.28472,3.07076,-0.38262,-100,2.38171
1975-01-01,5292.4,3330.1,30.601,3906.5,.,244.3,89.2,0.241070125,18158,16.5,1630.9,-1.20959,0.83573,2.26582,-0.16356,.,-13.15322,-12.72016,2.13731,-0.36763,.,0.9033
1975-01-04,5333.2,3385.7,31.059,4087.8,.,243.3,94,0.243974584,18956,21.6,1668.1,0.77092,1.66962,1.49668,4.64098,.,-0.40933,5.38117,1.20482,4.39476,30.90909,2.28095
1975-01-07,5421.4,3434.1,31.612,4028.4,.,265.2,110.6,0.248866305,18625,12,1726.8,1.65379,1.42954,1.78048,-1.4531,.,9.00123,17.65957,2.00501,-1.74615,-44.44444,3.51897
1975-01-10,5494.4,3470.5,32.139,4059.2,.,276.2,118.6,0.253452294,18719,13.8,1781.8,1.34652,1.05996,1.66709,0.76457,.,4.14781,7.23327,1.84275,0.5047,15,3.18508
1976-01-01,5618.5,3539.9,32.473,4106.9,.,304.6,126.9,0.256356753,18898,4.7,1840.3,2.25866,1.99971,1.03924,1.17511,.,10.2824,6.99831,1.14596,0.95625,-65.94203,3.2832
1976-01-04,5661,3572.4,32.803,4128.2,.,322.3,130.8,0.258649747,18956,-0.5,1873.6,0.75643,0.91811,1.01623,0.51864,.,5.8109,3.07329,0.89445,0.30691,-110.6383,1.80949
1976-01-07,5689.8,3610.3,33.226,4158.6,.,328.3,132.9,0.262777137,19047,-4.1,1907.6,0.50874,1.06091,1.28952,0.7364,.,1.86162,1.6055,1.59574,0.48006,720,1.81469
1976-01-10,5732.5,3657.5,33.815,4183.4,.,337.6,133.1,0.266598794,19109,-6.6,1956.3,0.75047,1.30737,1.77271,0.59635,.,2.83277,0.15049,1.45433,0.32551,60.97561,2.55295
1977-01-01,5799.2,3699.3,34.359,4182.1,.,360.3,143.9,0.271490515,19059,-21.1,2013.3,1.16354,1.14286,1.60875,-0.03108,.,6.72393,8.1142,1.83486,-0.26166,219.69697,2.91366
1977-01-04,5913,3719.7,34.841,4234.2,.,389.7,152.8,0.27622937,19250,-21.1,2080.9,1.96234,0.55146,1.40283,1.24579,.,8.15987,6.18485,1.7455,1.00215,0,3.35767
1977-01-07,6017.6,3755.2,35.27,4299,.,414.1,159.2,0.280051027,19490,-20.6,2143.3,1.76898,0.95438,1.23131,1.5304,.,6.26123,4.18848,1.38351,1.24675,-2.36967,2.9987
1977-01-10,6018.2,3811.8,36.036,4382.1,.,422.3,160.2,0.284178416,19810,-29.6,2187.5,0.00997,1.50724,2.17182,1.93301,.,1.9802,0.62814,1.4738,1.64187,43.68932,2.06224
1978-01-01,6039.2,3833.8,36.573,4413,.,434.8,165.6,0.289070137,19904,-38.7,2230.8,0.34894,0.57716,1.49018,0.70514,.,2.95998,3.37079,1.72136,0.47451,30.74324,1.97943
1978-01-04,6274,3915.6,37.242,4456.6,.,470.6,184.1,0.295643387,20050,-22.6,2355.3,3.88793,2.13365,1.82922,0.98799,.,8.23367,11.1715,2.27393,0.73352,-41.60207,5.58096
1978-01-07,6335.3,3932,37.865,4488.8,.,492.4,190.5,0.30252237,20135,-23.8,2419.8,0.97705,0.41884,1.67284,0.72252,.,4.63238,3.47637,2.32678,0.42394,5.30973,2.7385
1978-01-10,6420.3,3963.5,38.661,4524.2,.,515.8,202,0.309554219,20235,-16.4,2506.8,1.34169,0.80112,2.10221,0.78863,.,4.75223,6.03675,2.32441,0.49665,-31.09244,3.59534
1979-01-01,6433,3983.6,39.352,4572.3,.,525.8,204.3,0.317350399,20398,-18.2,2557.2,0.19781,0.50713,1.78733,1.06317,.,1.93874,1.13861,2.51852,0.80553,10.97561,2.01053
1979-01-04,6440.8,3981.3,40.304,4532.8,.,539.3,212.1,0.327439574,20169,-22.2,2625.4,0.12125,-0.05774,2.41919,-0.8639,.,2.56752,3.81791,3.17919,-1.12266,21.97802,2.66698
1979-01-07,6487.1,4020.4,41.165,4554.2,.,545.6,216.2,0.337987347,20204,-23,2706.5,0.71885,0.98209,2.13626,0.47211,.,1.16818,1.93305,3.22129,0.17353,3.6036,3.08905
1979-01-10,6503.9,4031.2,41.986,4574.3,.,547.9,211.9,0.348687987,20230,-26.8,2767.2,0.25898,0.26863,1.99441,0.44135,.,0.42155,-1.9889,3.16599,0.12869,16.52174,2.24275
1980-01-01,6524.9,4025,42.859,4589.8,.,554.6,211.6,0.362445952,20241,-35.8,2834.5,0.32288,-0.1538,2.07926,0.33885,.,1.22285,-0.14158,3.94564,0.05437,33.58209,2.43206
1980-01-04,6392.6,3934.5,43.8,4523.1,.,519.3,182.4,0.374675255,19892,-15.2,2835.7,-2.02762,-2.24845,2.19557,-1.45322,.,-6.36495,-13.79962,3.3741,-1.72422,-57.5419,0.04234
1980-01-07,6382.9,3976.9,44.808,4578.3,.,495.1,191.2,0.381707104,20074,5.5,2894.5,-0.15174,1.07765,2.30137,1.2204,.,-4.66012,4.82456,1.87678,0.91494,-136.18421,2.07356
1980-01-10,6501.2,4029.6,46.046,4668.1,.,551.5,197,0.392407743,20413,-6.7,3022.1,1.85339,1.32515,2.7629,1.96143,.,11.39164,3.03347,2.80336,1.68875,-221.81818,4.40836
1981-01-01,6635.7,4050.8,47.196,4655.6,.,619.4,200.2,0.403261249,20316,-14.3,3163.2,2.06885,0.52611,2.4975,-0.26777,.,12.31188,1.62437,2.76587,-0.47519,113.43284,4.66894
1981-01-04,6587.3,4050.1,48.081,4654.5,.,609.8,188,0.411668895,20266,-13.5,3197.3,-0.72939,-0.01728,1.87516,-0.02363,.,-1.54989,-6.09391,2.08491,-0.24611,-5.59441,1.07802
1981-01-07,6662.9,4066.4,48.946,4749.8,.,652.3,192.4,0.423133866,20624,-7.6,3293.9,1.14766,0.40246,1.79905,2.04748,.,6.9695,2.34043,2.785,1.76651,-43.7037,3.0213
1981-01-10,6585.1,4035.9,49.863,4759.1,.,643.4,188.5,0.430012848,20611,-14.8,3321.2,-1.16766,-0.75005,1.87349,0.1958,.,-1.3644,-2.02703,1.62572,-0.06303,94.73684,0.8288
1982-01-01,6475,4062.6,50.561,4764.8,.,588.3,168.3,0.433834505,20592,-16.3,3309.8,-1.67196,0.66156,1.39984,0.11977,.,-8.56388,-10.71618,0.88873,-0.09218,10.13514,-0.34325
1982-01-04,6510.2,4077.6,51.17,4792.3,.,593.6,169.7,0.440102023,20665,-4.4,3372.2,0.54363,0.36922,1.20449,0.57715,.,0.9009,0.83185,1.44468,0.35451,-73.00613,1.88531
1982-01-07,6486.8,4109.1,51.907,4818,.,593,165.3,0.447745337,20723,-29.6,3402.1,-0.35944,0.77251,1.4403,0.53628,.,-0.10108,-2.59281,1.73671,0.28067,572.72727,0.88666
1982-01-10,6493.1,4184.1,52.483,4839.7,.,549.2,160,0.449121134,20765,-29.6,3441.9,0.09712,1.82522,1.10968,0.45039,.,-7.38617,-3.20629,0.30727,0.20267,0,1.16987
1983-01-01,6578.2,4224.8,52.907,4881.3,.,565.5,162.2,0.449426866,20901,-24.5,3514.4,1.31062,0.97273,0.80788,0.85956,.,2.96795,1.375,0.06807,0.65495,-17.22973,2.10639
1983-01-04,6728.3,4308.4,53.265,4915.9,.,613.8,181.5,0.45462432,21006,-45.4,3620.6,2.28178,1.97879,0.67666,0.70883,.,8.54111,11.89889,1.15646,0.50237,85.30612,3.02185
1983-01-07,6860,4384,53.823,4990.1,.,652.3,192.2,0.459057442,21270,-65.2,3730.1,1.9574,1.75471,1.04759,1.50939,.,6.2724,5.89532,0.97512,1.25678,43.61233,3.02436
1983-01-10,7001.5,4453.1,54.219,5097.6,.,718.5,197,0.46364343,21678,-71.4,3835.8,2.06268,1.57619,0.73574,2.15427,.,10.1487,2.4974,0.999,1.91819,9.5092,2.8337
1984-01-01,7140.6,4490.9,54.796,5201.8,.,790.9,204.7,0.47021668,22078,-95,3949.8,1.98672,0.84885,1.0642,2.0441,.,10.07655,3.90863,1.41774,1.84519,33.05322,2.972
1984-01-04,7266,4554.9,55.257,5288.3,.,818.9,205.2,0.474649802,22400,-104.3,4052.5,1.75615,1.4251,0.8413,1.66289,.,3.54027,0.24426,0.94278,1.45847,9.78947,2.60013
1984-01-07,7337.5,4589.9,55.705,5360.8,.,838.9,196,0.478777192,22652,-103.8,4124.7,0.98404,0.7684,0.81076,1.37095,.,2.4423,-4.48343,0.86957,1.125,-0.47939,1.78162
1984-01-10,7396,4650.6,56.079,5404.9,.,831.7,197,0.482904582,22783,-107.8,4180.8,0.79727,1.32247,0.67139,0.82264,.,-0.85827,0.5102,0.86207,0.57832,3.85356,1.3601
1985-01-01,7469.5,4729.7,56.724,5392,.,809.9,186.6,0.487337704,22687,-91.3,4262.7,0.99378,1.70086,1.15016,-0.23867,.,-2.62114,-5.27919,0.91801,-0.42137,-15.30612,1.95896
1985-01-04,7537.9,4774.1,57.075,5495.8,.,827,187.7,0.491770826,23075,-114.4,4330,0.91572,0.93875,0.61879,1.92507,.,2.11137,0.5895,0.90966,1.71023,25.3012,1.57881
1985-01-07,7655.2,4865.8,57.406,5477.4,.,822.2,192.4,0.494828152,22938,-116.9,4417.1,1.55614,1.92078,0.57994,-0.3348,.,-0.58041,2.504,0.6217,-0.59372,2.18531,2.01155
1985-01-10,7712.6,4878.3,57.738,5540.3,.,859.5,194.3,0.499872739,23144,-133.4,4478.7,0.74982,0.2569,0.57834,1.14836,.,4.53661,0.98753,1.01946,0.89807,14.11463,1.39458
1986-01-01,7784.1,4919.6,58.02,5609.4,.,863.5,158.1,0.502471466,23386,-126,4538.5,0.92705,0.84661,0.48841,1.24722,.,0.46539,-18.63098,0.51988,1.04563,-5.54723,1.33521
1986-01-04,7819.8,4974.6,58.252,5683.9,.,855.2,155,0.500025605,23647,-128.9,4570.7,0.45863,1.11798,0.39986,1.32813,.,-0.9612,-1.96078,-0.48677,1.11605,2.30159,0.70949
1986-01-07,7898.6,5064.7,58.487,5724.1,.,835.8,154.2,0.503082931,23755,-139,4637.8,1.0077,1.8112,0.40342,0.70726,.,-2.26848,-0.51613,0.61143,0.45672,7.83553,1.46805
1986-01-10,7939.5,5097.1,58.813,5734.4,.,842.1,158.7,0.506598855,23741,-133.6,4681.4,0.51781,0.63972,0.55739,0.17994,.,0.75377,2.91829,0.69888,-0.05893,-3.88489,0.9401
1987-01-01,7995,5097.9,59.24,5781.6,69.789,871.2,170.7,0.512713506,23890,-141.2,4750.6,0.69904,0.0157,0.72603,0.8231,.,3.45565,7.56144,1.207,0.62761,5.68862,1.47819
1987-01-04,8084.7,5168.6,59.637,5725.5,70.879,874.6,197.7,0.518522425,23609,-147,4839.6,1.12195,1.38685,0.67016,-0.97032,1.56185,0.39027,15.81722,1.13298,-1.17622,4.10765,1.87345
1987-01-07,8158,5228.5,60.07,5829.6,71.979,876.5,212.1,0.524025611,23978,-145.5,4918.3,0.90665,1.15892,0.72606,1.81818,1.55194,0.21724,7.28376,1.06132,1.56296,-1.02041,1.62617
1987-01-10,8292.7,5239.5,60.567,5907.5,73.705,946.5,220.9,0.528917332,24239,-145.4,5042.4,1.65114,0.21039,0.82737,1.33628,2.39792,7.98631,4.14899,0.93349,1.0885,-0.06873,2.52323
1988-01-01,8339.3,5332.7,61.043,5993.7,73.8,908.6,232.9,0.533044722,24543,-124,5115.6,0.56194,1.7788,0.78591,1.45916,0.12889,-4.00423,5.43232,0.78035,1.25418,-14.71802,1.45169
1988-01-04,8449.5,5371.8,61.633,6055.2,74.379,934.5,248.6,0.539159373,24744,-106.6,5230.5,1.32145,0.73321,0.96653,1.02608,0.78455,2.85054,6.74109,1.14712,0.81897,-14.03226,2.24607
1988-01-07,8498.3,5417.7,62.359,6113.5,74.44,942,247.1,0.545732623,24917,-99.3,5319.6,0.57755,0.85446,1.17794,0.96281,0.08201,0.80257,-0.60338,1.21917,0.69916,-6.84803,1.70347
1988-01-10,8610.9,5479.7,62.859,6172.6,75.266,962.8,258.3,0.551694408,25095,-107.7,5435.4,1.32497,1.1444,0.80181,0.96671,1.10962,2.20807,4.53258,1.09244,0.71437,8.45921,2.17686
1989-01-01,8697.7,5505,63.55,6248.8,75.849,1005.4,253.9,0.557961926,25354,-101,5549.7,1.00802,0.4617,1.09929,1.23449,0.77459,4.42459,-1.70345,1.13605,1.03208,-6.22098,2.10288
1989-01-04,8766.1,5530.9,64.207,6230.4,75.382,1001,246.6,0.566981036,25222,-88.2,5650.1,0.78641,0.47048,1.03383,-0.29446,-0.6157,-0.43764,-2.87515,1.61644,-0.52063,-12.67327,1.80911
1989-01-07,8831.5,5585.9,64.672,6272.8,74.815,996.5,236.4,0.571414158,25325,-75.1,5735.9,0.74606,0.99441,0.72422,0.68053,-0.75217,-0.44955,-4.13625,0.78188,0.40837,-14.85261,1.51856
1989-01-10,8850.2,5610.5,65.122,6323.2,74.826,995.9,236.4,0.577223077,25459,-82.8,5794.2,0.21174,0.44039,0.69582,0.80347,0.0147,-0.06021,0,1.01659,0.52912,10.253,1.01641
1990-01-01,8947.1,5658.7,65.841,6376.5,75.455,1010.8,246.3,0.587159385,25615,-88.5,5920.4,1.09489,0.8591,1.10408,0.84293,0.84062,1.49613,4.18782,1.7214,0.61275,6.88406,2.17804
1990-01-04,8981.7,5676.4,66.52,6414.6,75.959,1014.8,259.1,0.592968304,25688,-68.8,6006.3,0.38672,0.31279,1.03127,0.59751,0.66795,0.39573,5.19691,0.98933,0.28499,-22.25989,1.45092
1990-01-07,8983.9,5699.3,67.114,6417,76.115,1000.7,263.5,0.603210345,25607,-75,6056.6,0.02449,0.40342,0.89296,0.03741,0.20537,-1.38944,1.69819,1.72725,-0.31532,9.01163,0.83745
1990-01-10,8907.4,5656.2,67.622,6366.2,74.779,947.6,265.6,0.613452386,25315,-79.1,6073.8,-0.85152,-0.75623,0.75692,-0.79165,-1.75524,-5.30629,0.79696,1.69792,-1.14031,5.46667,0.28399
1991-01-01,8865.6,5636.7,68.296,6379.7,73.072,924.6,281.8,0.618038374,25290,-47.1,6094.3,-0.46927,-0.34475,0.99672,0.21206,-2.28273,-2.42718,6.0994,0.74757,-0.09876,-40.45512,0.33752
1991-01-04,8934.4,5684,68.764,6423.9,73.543,926.6,288.7,0.621707165,25384,-23.2,6172.2,0.77603,0.83914,0.68525,0.69282,0.64457,0.21631,2.44855,0.59362,0.37169,-50.7431,1.27824
1991-01-07,8977.3,5711.6,69.269,6447.2,75.042,947.5,294.3,0.626446019,25386,-21.1,6243.5,0.48017,0.48557,0.7344,0.36271,2.03826,2.25556,1.93973,0.76223,0.00788,-9.05172,1.15518
1991-01-10,9016.4,5710.1,69.643,6502.3,75.587,978.8,298.1,0.631643473,25516,-23.1,6312.5,0.43554,-0.02626,0.53992,0.85463,0.72626,3.30343,1.2912,0.82967,0.51209,9.47867,1.10515
1992-01-01,9123,5817.3,69.942,6641.9,76.035,956.8,310.8,0.635923729,25987,-20.5,6413.5,1.18229,1.87738,0.42933,2.14693,0.59269,-2.24765,4.26032,0.67764,1.8459,-11.25541,1.6
1992-01-04,9223.5,5857.2,70.388,6711.4,77.849,1013.1,323.4,0.64081545,26171,-32.8,6524.4,1.10161,0.68589,0.63767,1.04639,2.38574,5.8842,4.05405,0.76923,0.70805,60,1.72917
1992-01-07,9313.2,5920.6,70.723,6740.7,78.826,1024.2,307,0.645707171,26189,-38.5,6615.8,0.97252,1.08243,0.47593,0.43657,1.25499,1.09565,-5.07112,0.76336,0.06878,17.37805,1.4009
1992-01-10,9406.5,5991.1,71.201,6763.8,79.557,1058,314.3,0.651363223,26188,-47.1,6727.9,1.0018,1.19076,0.67588,0.34269,0.92736,3.30014,2.37785,0.87595,-0.00382,22.33766,1.69443
1993-01-01,9424.1,6013.8,71.606,6801.7,80.376,1083.9,312.5,0.656102078,26258,-55.7,6786.2,0.1871,0.3789,0.56881,0.56034,1.02945,2.44802,-0.5727,0.72753,0.2673,18.25902,0.86654
1993-01-04,9480.1,6067.8,72.041,6813.7,80.607,1094.5,327.3,0.660840933,26224,-63.2,6861.1,0.59422,0.89793,0.60749,0.17643,0.2874,0.97795,4.736,0.72227,-0.12948,13.46499,1.10371
1993-01-07,9526.3,6134.8,72.475,6817.7,80.734,1095.9,340.2,0.663898258,26150,-68.4,6941.2,0.48734,1.10419,0.60243,0.05871,0.15755,0.12791,3.94134,0.46264,-0.28218,8.22785,1.16745
1993-01-10,9653.5,6189.1,72.853,6862.5,82.046,1153,359.6,0.669401444,26238,-73.4,7054.3,1.33525,0.88511,0.52156,0.65711,1.62509,5.21033,5.70253,0.82892,0.33652,7.30994,1.6294
1994-01-01,9748.2,6260.1,73.206,6910.6,82.914,1202.1,386.4,0.672764503,26351,-80.6,7164.5,0.98099,1.14718,0.48454,0.70091,1.05794,4.25846,7.45273,0.5024,0.43067,9.80926,1.56217
1994-01-04,9881.4,6308.6,73.571,6983.8,84.692,1265.1,398.8,0.67658616,26552,-90.6,7293.6,1.36641,0.77475,0.49859,1.05924,2.14439,5.24083,3.20911,0.56805,0.76278,12.40695,1.80194
1994-01-07,9939.7,6357.5,73.969,7025.3,85.766,1251.6,418.8,0.682853677,26624,-96.9,7374.4,0.59,0.77513,0.54097,0.59423,1.26812,-1.06711,5.01505,0.92634,0.27117,6.95364,1.10782
1994-01-10,10052.5,6425.9,74.376,7123,87.607,1307.2,430.2,0.6868282,26912,-101.9,7497.9,1.13484,1.07589,0.55023,1.39069,2.14654,4.44231,2.72206,0.58205,1.08173,5.15996,1.67471
1995-01-01,10086.9,6442.9,74.803,7190.9,88.341,1327.3,444.8,0.691872788,27096,-105.3,7575.9,0.3422,0.26455,0.57411,0.95325,0.83783,1.53764,3.39377,0.73448,0.68371,3.3366,1.04029
1995-01-04,10122.1,6500.7,75.132,7207.3,88.111,1303.8,467.4,0.69752884,27080,-109.5,7638.4,0.34897,0.89711,0.43982,0.22807,-0.26035,-1.77051,5.08094,0.8175,-0.05905,3.9886,0.82498
1995-01-07,10208.8,6560.3,75.489,7271.7,88.481,1303.2,475.1,0.701044765,27235,-74.4,7726.2,0.85654,0.91682,0.47516,0.89354,0.41992,-0.04602,1.64741,0.50405,0.57238,-32.05479,1.14946
1995-01-10,10281.2,6606.4,75.861,7313.7,89.311,1335.6,482.3,0.704866422,27308,-69.8,7830.8,0.70919,0.70271,0.49279,0.57758,0.93805,2.48619,1.51547,0.54514,0.26804,-6.1828,1.35384
1996-01-01,10348.7,6667.7,76.272,7383.7,89.675,1355.2,505,0.711133939,27501,-88.8,7931.3,0.65654,0.92789,0.54178,0.95711,0.40756,1.46751,4.70661,0.88918,0.70675,27.22063,1.28339
1996-01-04,10529.4,6740.1,76.562,7454.3,91.722,1418.6,506.9,0.71724859,27685,-93.7,8091.5,1.74611,1.08583,0.38022,0.95616,2.28269,4.67828,0.37624,0.85985,0.66907,5.51802,2.01985
1996-01-07,10626.8,6780.7,76.778,7513.7,93.286,1474.4,502.6,0.72137598,27815,-114.2,8185.8,0.92503,0.60236,0.28212,0.79686,1.70515,3.93346,-0.84829,0.57545,0.46957,21.87834,1.16542
1996-01-10,10739.1,6834,77.168,7552.9,94.413,1480,514.5,0.727643497,27871,-88.8,8319.4,1.05676,0.78605,0.50796,0.52171,1.20811,0.37982,2.36769,0.86883,0.20133,-22.24168,1.63209
1997-01-01,10820.9,6906.1,77.647,7628.7,96.295,1522,526.7,0.73207662,28077,-108.8,8426,0.7617,1.05502,0.62072,1.00359,1.99337,2.83784,2.37123,0.60924,0.73912,22.52252,1.28134
1997-01-04,10984.2,6937.4,77.857,7693.9,97.529,1589.9,544.8,0.733758149,28236,-85.2,8583.4,1.50912,0.45322,0.27045,0.85467,1.28148,4.46124,3.43649,0.22969,0.5663,-21.69118,1.86803
1997-01-07,11124,7056.1,78.135,7785.5,99.284,1625.3,566.4,0.737426939,28477,-96.8,8715.6,1.27274,1.71102,0.35706,1.19055,1.79946,2.22656,3.96476,0.5,0.85352,13.61502,1.54018
1997-01-10,11210.3,7139.9,78.395,7897.1,101.059,1645.3,567.9,0.741401463,28796,-117,8805.5,0.7758,1.18762,0.33276,1.43343,1.7878,1.23054,0.26483,0.53897,1.1202,20.86777,1.03148
1998-01-01,11321.2,7213.6,78.523,8065.3,101.37,1712.3,488.2,0.742930126,29334,-135.2,8915.9,0.98927,1.03223,0.16328,2.1299,0.30774,4.07221,-14.03416,0.20619,1.86832,15.55556,1.25376
1998-01-04,11431,7341,78.687,8178,100.795,1694.8,485.7,0.745375986,29662,-162.3,9018.1,0.96986,1.76611,0.20886,1.39734,-0.56723,-1.02202,-0.51209,0.32922,1.11816,20.04438,1.14627
1998-01-07,11580.6,7437.5,78.981,8261.4,100.794,1739.8,481,0.749197643,29871,-174.6,9156.9,1.30872,1.31453,0.37363,1.01981,-0.00099,2.65518,-0.96768,0.51272,0.70461,7.57856,1.53913
1998-01-10,11770.7,7546.8,79.228,8328.5,102.273,1794.4,463.9,0.752713568,30023,-178.7,9338.7,1.64154,1.46958,0.31273,0.81221,1.46735,3.13829,-3.55509,0.46929,0.50885,2.34822,1.98539
1999-01-01,11864.7,7618.7,79.624,8403.1,103.297,1850.6,493.1,0.755465161,30216,-208.5,9469.2,0.79859,0.95272,0.49982,0.89572,1.00124,3.13197,6.29446,0.36556,0.64284,16.67599,1.39741
1999-01-04,11962.5,7731.5,79.891,8423.9,104.486,1845.8,507.6,0.761121213,30208,-245.4,9584.4,0.82429,1.48057,0.33533,0.24753,1.15105,-0.25938,2.94058,0.74868,-0.02648,17.69784,1.21658
1999-01-07,12113.1,7819.3,80.18,8480.3,105.565,1890.9,505.7,0.766777265,30314,-276.1,9736.8,1.25893,1.13561,0.36174,0.66952,1.03267,2.44338,-0.37431,0.74312,0.3509,12.51019,1.59008
1999-01-10,12323.3,7934.1,80.547,8605.1,108.292,1949.4,523.1,0.772433318,30668,-296.5,9960.6,1.73531,1.46816,0.45772,1.47165,2.58324,3.09376,3.44078,0.73764,1.16778,7.38863,2.2985
2000-01-01,12359.1,8054.9,81.163,8774.6,110.461,1945.9,497,0.780076632,31192,-352.8,10061.8,0.29051,1.52254,0.76477,1.96976,2.00292,-0.17954,-4.98949,0.98951,1.70862,18.9882,1.016
2000-01-04,12592.5,8132.2,81.623,8865.6,112.286,2071.8,488.9,0.786191283,31438,-359.6,10312.2,1.88849,0.95966,0.56676,1.03708,1.65217,6.47001,-1.62978,0.78385,0.78866,1.92744,2.48862
2000-01-07,12607.7,8211.3,82.152,8969.2,112.096,2055.8,481.9,0.793375998,31719,-388.5,10386.7,0.12071,0.97268,0.6481,1.16856,-0.16921,-0.77228,-1.43179,0.91386,0.89382,8.03671,0.72245
2000-01-10,12679.3,8284.4,82.593,8999.5,110.937,2061.6,460.2,0.799032051,31742,-402.4,10526.4,0.56791,0.89024,0.53681,0.33782,-1.03394,0.28213,-4.50301,0.71291,0.07251,3.57786,1.34499
2001-01-01,12643.3,8319.4,83.112,9076.2,108.221,1967.5,494.9,0.806675365,31940,-391.7,10548.6,-0.28393,0.42248,0.62838,0.85227,-2.44824,-4.56442,7.5402,0.95657,0.62378,-2.65905,0.2109
2001-01-04,12710.3,8340.8,83.699,9068.2,105.684,1967,520.2,0.812331417,31836,-359.3,10688.1,0.52992,0.25723,0.70628,-0.08814,-2.34428,-0.02541,5.11214,0.70116,-0.32561,-8.27164,1.32245
2001-01-07,12670.1,8371.2,83.973,9282.6,102.977,1937.3,475.3,0.814624411,32504,-366.7,10666.3,-0.31628,0.36447,0.32736,2.36431,-2.56141,-1.50991,-8.6313,0.28227,2.09825,2.05956,-0.20397
2001-01-10,12705.3,8499.1,84.227,9167.8,101.034,1842.7,458.9,0.814012946,32020,-357,10791.5,0.27782,1.52786,0.30248,-1.23672,-1.88683,-4.88308,-3.45045,-0.07506,-1.48905,-2.64521,1.17379
2002-01-01,12822.3,8524.6,84.497,9390.8,101.153,1910,506.8,0.816611673,32728,-375.3,10885.6,0.92088,0.30003,0.32056,2.43243,0.11778,3.65225,10.438,0.31925,2.21112,5.12605,0.87198
2002-01-04,12893,8568.1,84.812,9438.4,102.083,1925.6,564.1,0.823032057,32821,-416,10967.3,0.55138,0.51029,0.37279,0.50688,0.9194,0.81675,11.30624,0.78622,0.28416,10.84466,0.75053
2002-01-07,12955.8,8628,85.19,9426.3,102.436,1927.9,620.4,0.827465179,32696,-431.6,11083.9,0.48709,0.6991,0.44569,-0.1282,0.3458,0.11944,9.9805,0.53863,-0.38085,3.75,1.06316
2002-01-10,12964,8674.4,85.651,9471.6,102.109,1936.5,695.1,0.8323569,32773,-483,11167.7,0.06329,0.53778,0.54114,0.48057,-0.31922,0.44608,12.04062,0.59117,0.2355,11.90918,0.75605
2003-01-01,13031.2,8712.5,86.179,9498,102.537,1960.2,689.9,0.840917412,32796,-501.6,11280.2,0.51836,0.43922,0.61646,0.27873,0.41916,1.22386,-0.74809,1.02847,0.07018,3.85093,1.00737
2003-01-04,13152.1,8809.5,86.455,9635.5,102.283,1970.5,692,0.839541615,33197,-501.4,11434.5,0.92777,1.11334,0.32026,1.44767,-0.24772,0.52546,0.30439,-0.16361,1.22271,-0.03987,1.36788
2003-01-07,13372.4,8939.4,86.934,9793.4,103.292,2048.3,733.4,0.845809133,33657,-499.9,11689.1,1.67502,1.47454,0.55405,1.63873,0.98648,3.94824,5.98266,0.74654,1.38567,-0.29916,2.22659
2003-01-10,13528.7,9008.8,87.346,9833,105.003,2132.8,787.4,0.849019325,33713,-511.7,11907.4,1.16883,0.77634,0.47392,0.40435,1.65647,4.12537,7.36297,0.37954,0.16638,2.36047,1.86755
2004-01-01,13606.5,9096.4,88.108,9904.7,106.246,2155.2,901.9,0.85620404,33893,-546.6,12097.3,0.57507,0.97238,0.87239,0.72918,1.18378,1.05026,14.54153,0.84624,0.53392,6.8204,1.59481
2004-01-04,13706.2,9155.5,88.875,10002.3,107.565,2259.5,939.7,0.862930156,34152,-608,12265.3,0.73274,0.64971,0.87052,0.98539,1.24146,4.83946,4.19115,0.78557,0.76417,11.23308,1.38874
2004-01-07,13830.8,9243,89.422,10054.9,108.897,2311.3,978.8,0.868433342,34247,-638,12462.4,0.90908,0.95571,0.61547,0.52588,1.23832,2.29254,4.1609,0.63773,0.27817,4.93421,1.60697
2004-01-10,13950.4,9337.8,90.049,10180.6,110.701,2380.8,973.7,0.877758185,34589,-684,12631.2,0.86474,1.02564,0.70117,1.25014,1.65661,3.00697,-0.52105,1.07375,0.99863,7.21003,1.35447
2005-01-01,14099.1,9409.2,90.883,10082.5,112.518,2475.2,1185.8,0.882191308,34183,-676.8,12916.6,1.06592,0.76463,0.92616,-0.9636,1.64136,3.96505,21.78289,0.50505,-1.17378,-1.05263,2.25948
2005-01-04,14172.7,9511.5,91.543,10162.3,113.326,2469.5,1206.2,0.888153093,34380,-689.1,13065.8,0.52202,1.08723,0.72621,0.79147,0.71811,-0.23028,1.72036,0.67579,0.57631,1.81738,1.1551
2005-01-07,14291.8,9585.2,92.399,10214.4,113.408,2527.2,1251.7,0.901605325,34469,-731.4,13307.8,0.84035,0.77485,0.93508,0.51268,0.07236,2.33651,3.77218,1.51463,0.25887,6.13844,1.85216
2005-01-10,14373.4,9621.3,93.1,10298.7,115.693,2636.5,1320,0.910012971,34666,-787.5,13454.9,0.57096,0.37662,0.75867,0.82531,2.01485,4.32494,5.45658,0.93252,0.57153,7.67022,1.10537
2006-01-01,14546.1,9729.2,93.832,10534,117.404,2699.7,1352.9,0.914751825,35380,-777.2,13724.3,1.20153,1.12147,0.78625,2.28475,1.47891,2.39712,2.49242,0.52075,2.05965,-1.30794,2.00224
2006-01-04,14589.6,9781,94.587,10549.8,118.053,2697,1391.7,0.923006605,35354,-781.6,13870.2,0.29905,0.53242,0.80463,0.14999,0.55279,-0.10001,2.86791,0.90241,-0.07349,0.56613,1.06308
2006-01-07,14602.6,9838.1,95.247,10579.9,118.671,2684.4,1409,0.931719983,35363,-805.6,13965.6,0.0891,0.58378,0.69777,0.28531,0.52349,-0.46719,1.24308,0.94402,0.02546,3.07062,0.68781
2006-01-10,14716.9,9938.4,95.58,10718.4,119.239,2641.6,1358.7,0.927898326,35734,-719.4,14133.9,0.78274,1.01951,0.34962,1.30909,0.47863,-1.5944,-3.56991,-0.41017,1.04912,-10.7001,1.2051
2007-01-01,14726,9990.7,96.654,10788.7,120.275,2634.2,1270.8,0.936995398,35889,-728.5,14301.9,0.06183,0.52624,1.12367,0.65588,0.86884,-0.28013,-6.46942,0.9804,0.43376,1.26494,1.18863
2007-01-04,14838.7,10024.6,97.194,10809.5,122.653,2671.9,1341.7,0.947607375,35878,-733,14512.9,0.76531,0.33932,0.55869,0.19279,1.97714,1.43117,5.57916,1.13255,-0.03065,0.61771,1.47533
2007-01-07,14938.5,10069.2,97.531,10837.9,124.358,2658.2,1285.3,0.953605848,35880,-712.1,14717.8,0.67257,0.44491,0.34673,0.26273,1.3901,-0.51274,-4.20362,0.63301,0.00557,-2.8513,1.41185
2007-01-10,14991.8,10081.8,97.956,10847,126.862,2610.6,1313.7,0.965303176,35819,-700.6,14880.3,0.3568,0.12513,0.43576,0.08396,2.01354,-1.79069,2.2096,1.22664,-0.17001,-1.61494,1.10411
2008-01-01,14889.5,10061,98.516,10925.3,129.007,2527,1203.5,0.975759229,35998,-756.8,14848.7,-0.68237,-0.20631,0.57169,0.72186,1.69081,-3.20233,-8.38852,1.08319,0.49973,8.0217,-0.21236
2008-01-04,14963.4,10077.9,98.995,11155.7,127.838,2493.3,1229.6,0.988453245,36677,-759.4,14997.5,0.49632,0.16798,0.48622,2.10887,-0.90615,-1.3336,2.16867,1.30094,1.88622,0.34355,1.00211
2008-01-07,14891.6,10005.1,99.673,10899.2,122.728,2435.9,1188.8,1.003694014,35747,-773.6,15045.2,-0.47984,-0.72237,0.68488,-2.29927,-3.99725,-2.30217,-3.31815,1.54188,-2.53565,1.8699,0.31805
2008-01-10,14577,9884.7,99.815,10969.2,113.392,2243.1,671.4,0.980707511,35892,-602.4,14671,-2.1126,-1.20339,0.14247,0.64225,-7.60707,-7.91494,-43.52288,-2.29019,0.40563,-22.1303,-2.48717
2009-01-01,14375,9850.8,100.062,10948.5,102.469,1972.1,1044.3,0.973961522,35752,-393.9,14512.3,-1.38574,-0.34295,0.24746,-0.18871,-9.63295,-12.08149,55.54066,-0.68787,-0.39006,-34.61155,-1.08173
2009-01-04,14355.6,9806.4,99.895,11026.4,97.556,1825.9,1120.6,0.979140632,35932,-341.7,14465.1,-0.13496,-0.45072,-0.1669,0.71151,-4.79462,-7.41342,7.30633,0.53176,0.50347,-13.25209,-0.32524
2009-01-07,14402.5,9865.9,99.873,10905.4,98.817,1786.4,1273.2,0.987565092,35456,-405.6,14563.6,0.3267,0.60675,-0.02202,-1.09737,1.29259,-2.16332,13.6177,0.86039,-1.32472,18.70061,0.68095
2009-01-10,14541.9,9864.8,100.169,10891,101.158,1928,1374.4,0.995297069,35328,-440.6,14738.1,0.96789,-0.01115,0.29638,-0.13204,2.36903,7.92656,7.94848,0.78293,-0.36101,8.62919,1.19819
2010-01-01,14604.8,9917.7,100.522,10902,104.996,1989.5,1450.2,0.996874649,35293,-488.7,14884.7,0.43254,0.53625,0.3524,0.101,3.79406,3.18983,5.51513,0.1585,-0.09907,10.91693,0.9947
2010-01-04,14745.9,9998.4,100.968,11043.8,109.802,2092.7,1436.8,0.996523056,35686,-523.2,15093.9,0.96612,0.8137,0.44368,1.30068,4.57732,5.18723,-0.92401,-0.03527,1.11354,7.05955,1.40547
2010-01-07,14845.5,10063.1,101.429,11098.8,112.941,2164.6,1499.1,0.999444331,35791,-535,15257.4,0.67544,0.6471,0.45658,0.49802,2.85878,3.43575,4.33602,0.29315,0.29423,2.25535,1.08322
2010-01-10,14939,10166.1,101.949,11176.2,114.893,2156.5,1494.5,1.007537072,35967,-503.7,15445.4,0.62982,1.02354,0.51267,0.69737,1.72834,-0.3742,-0.30685,0.80972,0.49174,-5.85047,1.23219
2011-01-01,14881.3,10217.1,102.399,11312.9,117.168,2123.5,1350.2,1.018236183,36346,-562.5,15466.5,-0.38624,0.50167,0.4414,1.22313,1.9801,-1.53026,-9.6554,1.06191,1.05374,11.67362,0.13661
2011-01-04,14989.6,10237.7,103.145,11295.2,118.099,2212.7,1423.1,1.029967141,36228,-586.9,15692,0.72776,0.20162,0.72852,-0.15646,0.79459,4.20061,5.3992,1.15209,-0.32466,4.33778,1.45799
2011-01-07,15021.1,10282.2,103.768,11355.1,120.055,2228.2,1430.4,1.036703958,36347,-572.4,15842.6,0.21015,0.43467,0.604,0.53031,1.65624,0.7005,0.51296,0.65408,0.32848,-2.47061,0.95972
2011-01-10,15190.3,10316.8,103.917,11362,121.591,2395.2,1507.1,1.041192112,36299,-598.1,16057.1,1.12642,0.3365,0.14359,0.06077,1.27941,7.49484,5.36214,0.43293,-0.13206,4.48987,1.35394
2012-01-01,15291,10379,104.466,11547.8,123.531,2460.8,1727.4,1.046996445,36832,-614.7,16225.1,0.66292,0.6029,0.52831,1.63528,1.59551,2.73881,14.61748,0.55747,1.46836,2.77546,1.04627
2012-01-04,15362.4,10396.6,104.943,11636.7,124.107,2534.8,1654.8,1.049553898,37054,-580.9,16353.3,0.46694,0.16957,0.45661,0.76984,0.46628,3.00715,-4.20285,0.24427,0.60274,-5.49862,0.79013
2012-01-07,15380.8,10424.1,105.508,11630.8,124.095,2529.9,1686.6,1.054164345,36963,-535.2,16465,0.11977,0.26451,0.53839,-0.0507,-0.00967,-0.19331,1.92168,0.43928,-0.24559,-7.8671,0.68304
2012-01-10,15384.3,10453.2,105.935,11936.1,124.638,2521.3,1663.9,1.061057086,37860,-531.8,16528,0.02276,0.27916,0.40471,2.62493,0.43757,-0.33993,-1.3459,0.65386,2.42675,-0.63528,0.38263
2013-01-01,15491.9,10502.3,106.349,11437.7,125.43,2617.6,1679.5,1.064701418,36226,-519.5,16702.2,0.69941,0.46971,0.39081,-4.17557,0.63544,3.81946,0.93756,0.34346,-4.3159,-2.3129,1.05397
2013-01-04,15521.6,10523.9,106.57,11504.4,125.201,2658.1,1658.1,1.064323838,36380,-514.7,16786,0.19171,0.20567,0.20781,0.58316,-0.18257,1.54722,-1.27419,-0.03546,0.42511,-0.92397,0.50173
2013-01-07,15641.3,10573.1,107.084,11571.7,124.945,2750.8,1685.6,1.070317725,36522,-492.9,17001.6,0.77118,0.46751,0.48231,0.58499,-0.20447,3.48745,1.65852,0.56316,0.39032,-4.23548,1.2844
2013-01-10,15793.9,10662.2,107.636,11596.6,125.576,2798.6,1730.3,1.074096579,36528,-440.9,17253.3,0.97562,0.8427,0.51548,0.21518,0.50502,1.73768,2.65187,0.35306,0.01643,-10.54981,1.48045
2014-01-01,15747,10712.8,108.117,11725.3,125.472,2774,1657.8,1.079654797,36872,-508.4,17276.8,-0.29695,0.47457,0.44688,1.10981,-0.08282,-0.87901,-4.19002,0.51748,0.94174,15.30959,0.13621
2014-01-04,15900.8,10813.3,108.709,11878,127.111,2861.6,1733.3,1.086173016,37289,-515.6,17528.3,0.97669,0.93813,0.54755,1.30231,1.30627,3.15789,4.55423,0.60373,1.13094,1.41621,1.45571
2014-01-07,16094.5,10912.9,109.165,11997.2,128.005,2939.8,1758,1.089372507,37587,-485.6,17830.6,1.21818,0.92109,0.41947,1.00354,0.70332,2.73274,1.42503,0.29457,0.79916,-5.81846,1.72464
2014-01-10,16186.7,11036.4,109.3,12123.4,128.876,2970.4,1771.5,1.087038239,37907,-525.5,17929,0.57287,1.13169,0.12367,1.05191,0.68044,1.04089,0.76792,-0.21428,0.85136,8.21664,0.55186
2015-01-01,16269,11102.4,109.31,12183,128.434,3044.6,1636.7,1.078629065,38033,-534.7,18000.7,0.50844,0.59802,0.00915,0.49161,-0.34297,2.49798,-7.60937,-0.77359,0.33239,1.75071,0.39991
2015-01-04,16374.2,11181.3,109.919,12299.9,128.63,3049.9,1664.3,.,38336,-508.9,18202,0.64663,0.71066,0.55713,0.95953,0.15261,0.17408,1.68632,.,0.79668,-4.82514,1.11829
2015-01-07,16454.9,11255.9,110.253,12398.9,129.232,3072.1,1610.8,.,38571,-523.4,18332.5,0.49285,0.66719,0.30386,0.80488,0.46801,0.72789,-3.21456,.,0.613,2.84928,0.71695
2015-01-10,16490.7,11319.3,110.504,12491,129.069,3059.9,1423.4,.,38785,-520.9,18434.1,0.21756,0.56326,0.22766,0.74281,-0.12613,-0.39712,-11.63397,.,0.55482,-0.47765,0.55421
2016-01-01,16525,11365.2,110.63,12556,129.254,3036.8,1550.5,.,38927,-507.4,18454.2,0.208,0.4055,0.11402,0.52037,0.14333,-0.75493,8.92932,.,0.36612,-2.59167,0.10904
2016-01-04,16583.1,11484.9,111.258,12647.2,128.928,2987.5,1636.7,.,39148,-492.4,18657.9,0.35159,1.05322,0.56766,0.72635,-0.25222,-1.62342,5.5595,.,0.56773,-2.95625,1.10381
2016-01-07,16727,11569,111.648,12737.9,129.164,3017.2,1679.4,.,39354,-460,18879.3,0.86775,0.73227,0.35054,0.71715,0.18305,0.99414,2.60891,.,0.52621,-6.58002,1.18663
2016-01-10,16813.3,11669.8,112.229,12801.4,129.665,3101.4,1741.2,.,39477,-545.2,19112.4,0.51593,0.87129,0.52039,0.49851,0.38788,2.79067,3.67989,.,0.31255,18.52174,1.23469
